<?xml version="1.0" encoding="UTF-8"?><rss version="2.0"
	xmlns:content="http://purl.org/rss/1.0/modules/content/"
	xmlns:wfw="http://wellformedweb.org/CommentAPI/"
	xmlns:dc="http://purl.org/dc/elements/1.1/"
	xmlns:atom="http://www.w3.org/2005/Atom"
	xmlns:sy="http://purl.org/rss/1.0/modules/syndication/"
	xmlns:slash="http://purl.org/rss/1.0/modules/slash/"
	>

<channel>
	<title>Accessories &#8211; The King Shop</title>
	<atom:link href="//categorie-produit/accessories/feed/" rel="self" type="application/rss+xml" />
	<link>/</link>
	<description></description>
	<lastBuildDate>Tue, 19 Dec 2017 05:32:20 +0000</lastBuildDate>
	<language>fr-FR</language>
	<sy:updatePeriod>
	hourly	</sy:updatePeriod>
	<sy:updateFrequency>
	1	</sy:updateFrequency>
	<generator>https://wordpress.org/?v=5.7.1</generator>

<image>
	<url>//wp-content/uploads/2021/04/cropped-cropped-images-removebg-preview-1-32x32.png</url>
	<title>Accessories &#8211; The King Shop</title>
	<link>/</link>
	<width>32</width>
	<height>32</height>
</image> 
	<item>
		<title>Anchor Bracelet</title>
		<link>//produit/anchor-bracelet/</link>
					<comments>//produit/anchor-bracelet/#respond</comments>
		
		<dc:creator><![CDATA[WEMS]]></dc:creator>
		<pubDate>Tue, 19 Dec 2017 05:32:20 +0000</pubDate>
				<guid isPermaLink="false">//produit/anchor-bracelet/</guid>

					<description><![CDATA[Nam nec tellus a odio tincidunt auctor a ornare odio. Sed non mauris vitae erat consequat auctor eu in elit. Class aptent taciti sociosqu ad litora torquent per conubia nostra, per inceptos himenaeos. Mauris in erat justo. Nullam ac urna eu felis dapibus condimentum sit amet a augue. Sed non neque elit sed.]]></description>
										<content:encoded><![CDATA[<p>Nam nec tellus a odio tincidunt auctor a ornare odio. Sed non mauris vitae erat consequat auctor eu in elit. Class aptent taciti sociosqu ad litora torquent per conubia nostra, per inceptos himenaeos. Mauris in erat justo. Nullam ac urna eu felis dapibus condimentum sit amet a augue. Sed non neque elit sed.</p>
]]></content:encoded>
					
					<wfw:commentRss>//produit/anchor-bracelet/feed/</wfw:commentRss>
			<slash:comments>0</slash:comments>
		
		
			</item>
		<item>
		<title>Boho Bangle Bracelet</title>
		<link>//produit/boho-bangle-bracelet/</link>
					<comments>//produit/boho-bangle-bracelet/#respond</comments>
		
		<dc:creator><![CDATA[WEMS]]></dc:creator>
		<pubDate>Mon, 18 Dec 2017 12:34:39 +0000</pubDate>
				<guid isPermaLink="false">//produit/boho-bangle-bracelet/</guid>

					<description><![CDATA[Nam nec tellus a odio tincidunt auctor a ornare odio. Sed non mauris vitae erat consequat auctor eu in elit. Class aptent taciti sociosqu ad litora torquent per conubia nostra, per inceptos himenaeos. Mauris in erat justo. Nullam ac urna eu felis dapibus condimentum sit amet a augue. Sed non neque elit sed.]]></description>
										<content:encoded><![CDATA[<p>Nam nec tellus a odio tincidunt auctor a ornare odio. Sed non mauris vitae erat consequat auctor eu in elit. Class aptent taciti sociosqu ad litora torquent per conubia nostra, per inceptos himenaeos. Mauris in erat justo. Nullam ac urna eu felis dapibus condimentum sit amet a augue. Sed non neque elit sed.</p>
]]></content:encoded>
					
					<wfw:commentRss>//produit/boho-bangle-bracelet/feed/</wfw:commentRss>
			<slash:comments>0</slash:comments>
		
		
			</item>
		<item>
		<title>Buddha Bracelet</title>
		<link>//produit/buddha-bracelet/</link>
					<comments>//produit/buddha-bracelet/#respond</comments>
		
		<dc:creator><![CDATA[WEMS]]></dc:creator>
		<pubDate>Mon, 18 Dec 2017 12:20:11 +0000</pubDate>
				<guid isPermaLink="false">//produit/buddha-bracelet/</guid>

					<description><![CDATA[Nam nec tellus a odio tincidunt auctor a ornare odio. Sed non mauris vitae erat consequat auctor eu in elit. Class aptent taciti sociosqu ad litora torquent per conubia nostra, per inceptos himenaeos. Mauris in erat justo. Nullam ac urna eu felis dapibus condimentum sit amet a augue. Sed non neque elit sed .]]></description>
										<content:encoded><![CDATA[<p>Nam nec tellus a odio tincidunt auctor a ornare odio. Sed non mauris vitae erat consequat auctor eu in elit. Class aptent taciti sociosqu ad litora torquent per conubia nostra, per inceptos himenaeos. Mauris in erat justo. Nullam ac urna eu felis dapibus condimentum sit amet a augue. Sed non neque elit sed .</p>
]]></content:encoded>
					
					<wfw:commentRss>//produit/buddha-bracelet/feed/</wfw:commentRss>
			<slash:comments>0</slash:comments>
		
		
			</item>
		<item>
		<title>Light Brown Purse</title>
		<link>//produit/light-brown-purse/</link>
					<comments>//produit/light-brown-purse/#respond</comments>
		
		<dc:creator><![CDATA[WEMS]]></dc:creator>
		<pubDate>Mon, 18 Dec 2017 07:39:51 +0000</pubDate>
				<guid isPermaLink="false">//produit/light-brown-purse/</guid>

					<description><![CDATA[Nam nec tellus a odio tincidunt auctor a ornare odio. Sed non mauris vitae erat consequat auctor eu in elit. Class aptent taciti sociosqu ad litora torquent per conubia nostra, per inceptos himenaeos. Mauris in erat justo. Nullam ac urna eu felis dapibus condimentum sit amet a augue. Sed non neque elit sed ut.]]></description>
										<content:encoded><![CDATA[<p>Nam nec tellus a odio tincidunt auctor a ornare odio. Sed non mauris vitae erat consequat auctor eu in elit. Class aptent taciti sociosqu ad litora torquent per conubia nostra, per inceptos himenaeos. Mauris in erat justo. Nullam ac urna eu felis dapibus condimentum sit amet a augue. Sed non neque elit sed ut.</p>
]]></content:encoded>
					
					<wfw:commentRss>//produit/light-brown-purse/feed/</wfw:commentRss>
			<slash:comments>0</slash:comments>
		
		
			</item>
		<item>
		<title>Black Over-the-shoulder Handbag</title>
		<link>//produit/black-over-the-shoulder-handbag/</link>
					<comments>//produit/black-over-the-shoulder-handbag/#respond</comments>
		
		<dc:creator><![CDATA[WEMS]]></dc:creator>
		<pubDate>Mon, 18 Dec 2017 07:11:43 +0000</pubDate>
				<guid isPermaLink="false">//produit/black-over-the-shoulder-handbag/</guid>

					<description><![CDATA[Nam nec tellus a odio tincidunt auctor a ornare odio. Sed non mauris vitae erat consequat auctor eu in elit. Class aptent taciti sociosqu ad litora torquent per conubia nostra, per inceptos himenaeos. Mauris in erat justo. Nullam ac urna eu felis dapibus condimentum sit amet a augue. Sed non neque elit sed ut.]]></description>
										<content:encoded><![CDATA[<p>Nam nec tellus a odio tincidunt auctor a ornare odio. Sed non mauris vitae erat consequat auctor eu in elit. Class aptent taciti sociosqu ad litora torquent per conubia nostra, per inceptos himenaeos. Mauris in erat justo. Nullam ac urna eu felis dapibus condimentum sit amet a augue. Sed non neque elit sed ut.</p>
]]></content:encoded>
					
					<wfw:commentRss>//produit/black-over-the-shoulder-handbag/feed/</wfw:commentRss>
			<slash:comments>0</slash:comments>
		
		
			</item>
		<item>
		<title>Bright Gold Purse With Chain</title>
		<link>//produit/bright-gold-purse-with-chain/</link>
					<comments>//produit/bright-gold-purse-with-chain/#respond</comments>
		
		<dc:creator><![CDATA[WEMS]]></dc:creator>
		<pubDate>Mon, 18 Dec 2017 06:54:30 +0000</pubDate>
				<guid isPermaLink="false">//produit/bright-gold-purse-with-chain/</guid>

					<description><![CDATA[Nam nec tellus a odio tincidunt auctor a ornare odio. Sed non mauris vitae erat consequat auctor eu in elit. Class aptent taciti sociosqu ad litora torquent per conubia nostra, per inceptos himenaeos. Mauris in erat justo. Nullam ac urna eu felis dapibus condimentum sit amet a augue. Sed non neque elit sed ut.]]></description>
										<content:encoded><![CDATA[<p>Nam nec tellus a odio tincidunt auctor a ornare odio. Sed non mauris vitae erat consequat auctor eu in elit. Class aptent taciti sociosqu ad litora torquent per conubia nostra, per inceptos himenaeos. Mauris in erat justo. Nullam ac urna eu felis dapibus condimentum sit amet a augue. Sed non neque elit sed ut.</p>
]]></content:encoded>
					
					<wfw:commentRss>//produit/bright-gold-purse-with-chain/feed/</wfw:commentRss>
			<slash:comments>0</slash:comments>
		
		
			</item>
		<item>
		<title>Bright Red Bag</title>
		<link>//produit/bright-red-bag/</link>
					<comments>//produit/bright-red-bag/#respond</comments>
		
		<dc:creator><![CDATA[WEMS]]></dc:creator>
		<pubDate>Mon, 18 Dec 2017 06:11:48 +0000</pubDate>
				<guid isPermaLink="false">//produit/bright-red-bag/</guid>

					<description><![CDATA[Nam nec tellus a odio tincidunt auctor a ornare odio. Sed non mauris vitae erat consequat auctor eu in elit. Class aptent taciti sociosqu ad litora torquent per conubia nostra, per inceptos himenaeos. Mauris in erat justo. Nullam ac urna eu felis dapibus condimentum sit amet a augue. Sed non neque elit sed ut.]]></description>
										<content:encoded><![CDATA[<p>Nam nec tellus a odio tincidunt auctor a ornare odio. Sed non mauris vitae erat consequat auctor eu in elit. Class aptent taciti sociosqu ad litora torquent per conubia nostra, per inceptos himenaeos. Mauris in erat justo. Nullam ac urna eu felis dapibus condimentum sit amet a augue. Sed non neque elit sed ut.</p>
]]></content:encoded>
					
					<wfw:commentRss>//produit/bright-red-bag/feed/</wfw:commentRss>
			<slash:comments>0</slash:comments>
		
		
			</item>
	</channel>
</rss>
