<?xml version="1.0" encoding="UTF-8"?><rss version="2.0"
	xmlns:content="http://purl.org/rss/1.0/modules/content/"
	xmlns:wfw="http://wellformedweb.org/CommentAPI/"
	xmlns:dc="http://purl.org/dc/elements/1.1/"
	xmlns:atom="http://www.w3.org/2005/Atom"
	xmlns:sy="http://purl.org/rss/1.0/modules/syndication/"
	xmlns:slash="http://purl.org/rss/1.0/modules/slash/"
	>

<channel>
	<title>Women &#8211; The King Shop</title>
	<atom:link href="//categorie-produit/women/feed/" rel="self" type="application/rss+xml" />
	<link>/</link>
	<description></description>
	<lastBuildDate>Thu, 21 Dec 2017 04:45:24 +0000</lastBuildDate>
	<language>fr-FR</language>
	<sy:updatePeriod>
	hourly	</sy:updatePeriod>
	<sy:updateFrequency>
	1	</sy:updateFrequency>
	<generator>https://wordpress.org/?v=5.7.1</generator>

<image>
	<url>//wp-content/uploads/2021/04/cropped-cropped-images-removebg-preview-1-32x32.png</url>
	<title>Women &#8211; The King Shop</title>
	<link>/</link>
	<width>32</width>
	<height>32</height>
</image> 
	<item>
		<title>DNK Black Shoes</title>
		<link>//produit/dnk-black-shoes/</link>
					<comments>//produit/dnk-black-shoes/#respond</comments>
		
		<dc:creator><![CDATA[WEMS]]></dc:creator>
		<pubDate>Thu, 21 Dec 2017 04:45:24 +0000</pubDate>
				<guid isPermaLink="false">//produit/dnk-black-shoes/</guid>

					<description><![CDATA[Nam nec tellus a odio tincidunt auctor a ornare odio. Sed non mauris vitae erat consequat auctor eu in elit. Class aptent taciti sociosqu ad litora torquent per conubia nostra, per inceptos himenaeos. Mauris in erat justo. Nullam ac urna eu felis dapibus condimentum sit amet a augue. Sed non neque elit sed.]]></description>
										<content:encoded><![CDATA[<p>Nam nec tellus a odio tincidunt auctor a ornare odio. Sed non mauris vitae erat consequat auctor eu in elit. Class aptent taciti sociosqu ad litora torquent per conubia nostra, per inceptos himenaeos. Mauris in erat justo. Nullam ac urna eu felis dapibus condimentum sit amet a augue. Sed non neque elit sed.</p>
]]></content:encoded>
					
					<wfw:commentRss>//produit/dnk-black-shoes/feed/</wfw:commentRss>
			<slash:comments>0</slash:comments>
		
		
			</item>
		<item>
		<title>Blue Denim Jeans</title>
		<link>//produit/blue-denim-jeans/</link>
					<comments>//produit/blue-denim-jeans/#respond</comments>
		
		<dc:creator><![CDATA[WEMS]]></dc:creator>
		<pubDate>Tue, 19 Dec 2017 10:50:44 +0000</pubDate>
				<guid isPermaLink="false">//produit/blue-denim-jeans/</guid>

					<description><![CDATA[Nam nec tellus a odio tincidunt auctor a ornare odio. Sed non mauris vitae erat consequat auctor eu in elit. Class aptent taciti sociosqu ad litora torquent per conubia nostra, per inceptos himenaeos. Mauris in erat justo. Nullam ac urna eu felis dapibus condimentum sit amet a augue. Sed non neque elit sed .]]></description>
										<content:encoded><![CDATA[<p>Nam nec tellus a odio tincidunt auctor a ornare odio. Sed non mauris vitae erat consequat auctor eu in elit. Class aptent taciti sociosqu ad litora torquent per conubia nostra, per inceptos himenaeos. Mauris in erat justo. Nullam ac urna eu felis dapibus condimentum sit amet a augue. Sed non neque elit sed .</p>
]]></content:encoded>
					
					<wfw:commentRss>//produit/blue-denim-jeans/feed/</wfw:commentRss>
			<slash:comments>0</slash:comments>
		
		
			</item>
		<item>
		<title>Basic Gray Jeans</title>
		<link>//produit/basic-gray-jeans/</link>
					<comments>//produit/basic-gray-jeans/#respond</comments>
		
		<dc:creator><![CDATA[WEMS]]></dc:creator>
		<pubDate>Tue, 19 Dec 2017 10:50:33 +0000</pubDate>
				<guid isPermaLink="false">//produit/basic-gray-jeans/</guid>

					<description><![CDATA[Nam nec tellus a odio tincidunt auctor a ornare odio. Sed non mauris vitae erat consequat auctor eu in elit. Class aptent taciti sociosqu ad litora torquent per conubia nostra, per inceptos himenaeos. Mauris in erat justo. Nullam ac urna eu felis dapibus condimentum sit amet a augue. Sed non neque elit sed .]]></description>
										<content:encoded><![CDATA[<p>Nam nec tellus a odio tincidunt auctor a ornare odio. Sed non mauris vitae erat consequat auctor eu in elit. Class aptent taciti sociosqu ad litora torquent per conubia nostra, per inceptos himenaeos. Mauris in erat justo. Nullam ac urna eu felis dapibus condimentum sit amet a augue. Sed non neque elit sed .</p>
]]></content:encoded>
					
					<wfw:commentRss>//produit/basic-gray-jeans/feed/</wfw:commentRss>
			<slash:comments>0</slash:comments>
		
		
			</item>
		<item>
		<title>Slim Fit Blue Jeans</title>
		<link>//produit/slim-fit-blue-jeans/</link>
					<comments>//produit/slim-fit-blue-jeans/#respond</comments>
		
		<dc:creator><![CDATA[WEMS]]></dc:creator>
		<pubDate>Tue, 19 Dec 2017 10:50:22 +0000</pubDate>
				<guid isPermaLink="false">//produit/slim-fit-blue-jeans/</guid>

					<description><![CDATA[Nam nec tellus a odio tincidunt auctor a ornare odio. Sed non mauris vitae erat consequat auctor eu in elit. Class aptent taciti sociosqu ad litora torquent per conubia nostra, per inceptos himenaeos. Mauris in erat justo. Nullam ac urna eu felis dapibus condimentum sit amet a augue. Sed non neque elit sed .]]></description>
										<content:encoded><![CDATA[<p>Nam nec tellus a odio tincidunt auctor a ornare odio. Sed non mauris vitae erat consequat auctor eu in elit. Class aptent taciti sociosqu ad litora torquent per conubia nostra, per inceptos himenaeos. Mauris in erat justo. Nullam ac urna eu felis dapibus condimentum sit amet a augue. Sed non neque elit sed .</p>
]]></content:encoded>
					
					<wfw:commentRss>//produit/slim-fit-blue-jeans/feed/</wfw:commentRss>
			<slash:comments>0</slash:comments>
		
		
			</item>
		<item>
		<title>Blue Denim Shorts</title>
		<link>//produit/blue-denim-shorts/</link>
					<comments>//produit/blue-denim-shorts/#respond</comments>
		
		<dc:creator><![CDATA[WEMS]]></dc:creator>
		<pubDate>Tue, 19 Dec 2017 10:30:57 +0000</pubDate>
				<guid isPermaLink="false">//produit/blue-denim-shorts/</guid>

					<description><![CDATA[Nam nec tellus a odio tincidunt auctor a ornare odio. Sed non mauris vitae erat consequat auctor eu in elit. Class aptent taciti sociosqu ad litora torquent per conubia nostra, per inceptos himenaeos. Mauris in erat justo. Nullam ac urna eu felis dapibus condimentum sit amet a augue. Sed non neque elit sed .]]></description>
										<content:encoded><![CDATA[<p>Nam nec tellus a odio tincidunt auctor a ornare odio. Sed non mauris vitae erat consequat auctor eu in elit. Class aptent taciti sociosqu ad litora torquent per conubia nostra, per inceptos himenaeos. Mauris in erat justo. Nullam ac urna eu felis dapibus condimentum sit amet a augue. Sed non neque elit sed .</p>
]]></content:encoded>
					
					<wfw:commentRss>//produit/blue-denim-shorts/feed/</wfw:commentRss>
			<slash:comments>0</slash:comments>
		
		
			</item>
		<item>
		<title>Lemons Tshirt</title>
		<link>//produit/lemons-tshirt/</link>
					<comments>//produit/lemons-tshirt/#respond</comments>
		
		<dc:creator><![CDATA[WEMS]]></dc:creator>
		<pubDate>Tue, 19 Dec 2017 09:56:35 +0000</pubDate>
				<guid isPermaLink="false">//produit/lemons-tshirt/</guid>

					<description><![CDATA[Nam nec tellus a odio tincidunt auctor a ornare odio. Sed non mauris vitae erat consequat auctor eu in elit. Class aptent taciti sociosqu ad litora torquent per conubia nostra, per inceptos himenaeos. Mauris in erat justo. Nullam ac urna eu felis dapibus condimentum sit amet a augue. Sed non neque elit sed .]]></description>
										<content:encoded><![CDATA[<p>Nam nec tellus a odio tincidunt auctor a ornare odio. Sed non mauris vitae erat consequat auctor eu in elit. Class aptent taciti sociosqu ad litora torquent per conubia nostra, per inceptos himenaeos. Mauris in erat justo. Nullam ac urna eu felis dapibus condimentum sit amet a augue. Sed non neque elit sed .</p>
]]></content:encoded>
					
					<wfw:commentRss>//produit/lemons-tshirt/feed/</wfw:commentRss>
			<slash:comments>0</slash:comments>
		
		
			</item>
		<item>
		<title>Gray Pattern Tshirt</title>
		<link>//produit/gray-pattern-tshirt/</link>
					<comments>//produit/gray-pattern-tshirt/#respond</comments>
		
		<dc:creator><![CDATA[WEMS]]></dc:creator>
		<pubDate>Tue, 19 Dec 2017 09:56:32 +0000</pubDate>
				<guid isPermaLink="false">//produit/gray-pattern-tshirt/</guid>

					<description><![CDATA[Nam nec tellus a odio tincidunt auctor a ornare odio. Sed non mauris vitae erat consequat auctor eu in elit. Class aptent taciti sociosqu ad litora torquent per conubia nostra, per inceptos himenaeos. Mauris in erat justo. Nullam ac urna eu felis dapibus condimentum sit amet a augue. Sed non neque elit sed .]]></description>
										<content:encoded><![CDATA[<p>Nam nec tellus a odio tincidunt auctor a ornare odio. Sed non mauris vitae erat consequat auctor eu in elit. Class aptent taciti sociosqu ad litora torquent per conubia nostra, per inceptos himenaeos. Mauris in erat justo. Nullam ac urna eu felis dapibus condimentum sit amet a augue. Sed non neque elit sed .</p>
]]></content:encoded>
					
					<wfw:commentRss>//produit/gray-pattern-tshirt/feed/</wfw:commentRss>
			<slash:comments>0</slash:comments>
		
		
			</item>
		<item>
		<title>Flamingo Tshirt</title>
		<link>//produit/flamingo-tshirt/</link>
					<comments>//produit/flamingo-tshirt/#respond</comments>
		
		<dc:creator><![CDATA[WEMS]]></dc:creator>
		<pubDate>Tue, 19 Dec 2017 09:56:29 +0000</pubDate>
				<guid isPermaLink="false">//produit/flamingo-tshirt/</guid>

					<description><![CDATA[Nam nec tellus a odio tincidunt auctor a ornare odio. Sed non mauris vitae erat consequat auctor eu in elit. Class aptent taciti sociosqu ad litora torquent per conubia nostra, per inceptos himenaeos. Mauris in erat justo. Nullam ac urna eu felis dapibus condimentum sit amet a augue. Sed non neque elit sed .]]></description>
										<content:encoded><![CDATA[<p>Nam nec tellus a odio tincidunt auctor a ornare odio. Sed non mauris vitae erat consequat auctor eu in elit. Class aptent taciti sociosqu ad litora torquent per conubia nostra, per inceptos himenaeos. Mauris in erat justo. Nullam ac urna eu felis dapibus condimentum sit amet a augue. Sed non neque elit sed .</p>
]]></content:encoded>
					
					<wfw:commentRss>//produit/flamingo-tshirt/feed/</wfw:commentRss>
			<slash:comments>0</slash:comments>
		
		
			</item>
		<item>
		<title>Purple Tshirt</title>
		<link>//produit/purple-tshirt/</link>
					<comments>//produit/purple-tshirt/#respond</comments>
		
		<dc:creator><![CDATA[WEMS]]></dc:creator>
		<pubDate>Tue, 19 Dec 2017 09:56:26 +0000</pubDate>
				<guid isPermaLink="false">//produit/purple-tshirt/</guid>

					<description><![CDATA[Nam nec tellus a odio tincidunt auctor a ornare odio. Sed non mauris vitae erat consequat auctor eu in elit. Class aptent taciti sociosqu ad litora torquent per conubia nostra, per inceptos himenaeos. Mauris in erat justo. Nullam ac urna eu felis dapibus condimentum sit amet a augue. Sed non neque elit sed .]]></description>
										<content:encoded><![CDATA[<p>Nam nec tellus a odio tincidunt auctor a ornare odio. Sed non mauris vitae erat consequat auctor eu in elit. Class aptent taciti sociosqu ad litora torquent per conubia nostra, per inceptos himenaeos. Mauris in erat justo. Nullam ac urna eu felis dapibus condimentum sit amet a augue. Sed non neque elit sed .</p>
]]></content:encoded>
					
					<wfw:commentRss>//produit/purple-tshirt/feed/</wfw:commentRss>
			<slash:comments>0</slash:comments>
		
		
			</item>
		<item>
		<title>White Underground Tshirt</title>
		<link>//produit/white-underground-tshirt/</link>
					<comments>//produit/white-underground-tshirt/#respond</comments>
		
		<dc:creator><![CDATA[WEMS]]></dc:creator>
		<pubDate>Tue, 19 Dec 2017 09:54:28 +0000</pubDate>
				<guid isPermaLink="false">//produit/white-underground-tshirt/</guid>

					<description><![CDATA[Nam nec tellus a odio tincidunt auctor a ornare odio. Sed non mauris vitae erat consequat auctor eu in elit. Class aptent taciti sociosqu ad litora torquent per conubia nostra, per inceptos himenaeos. Mauris in erat justo. Nullam ac urna eu felis dapibus condimentum sit amet a augue. Sed non neque elit sed .]]></description>
										<content:encoded><![CDATA[<p>Nam nec tellus a odio tincidunt auctor a ornare odio. Sed non mauris vitae erat consequat auctor eu in elit. Class aptent taciti sociosqu ad litora torquent per conubia nostra, per inceptos himenaeos. Mauris in erat justo. Nullam ac urna eu felis dapibus condimentum sit amet a augue. Sed non neque elit sed .</p>
]]></content:encoded>
					
					<wfw:commentRss>//produit/white-underground-tshirt/feed/</wfw:commentRss>
			<slash:comments>0</slash:comments>
		
		
			</item>
	</channel>
</rss>
