<?xml version="1.0" encoding="UTF-8"?><rss version="2.0"
	xmlns:content="http://purl.org/rss/1.0/modules/content/"
	xmlns:dc="http://purl.org/dc/elements/1.1/"
	xmlns:atom="http://www.w3.org/2005/Atom"
	xmlns:sy="http://purl.org/rss/1.0/modules/syndication/"
	
	>
<channel>
	<title>
	Commentaires sur : White Underground Tshirt	</title>
	<atom:link href="//produit/white-underground-tshirt/feed/" rel="self" type="application/rss+xml" />
	<link>//produit/white-underground-tshirt/</link>
	<description></description>
	<lastBuildDate>Tue, 19 Dec 2017 09:54:28 +0000</lastBuildDate>
	<sy:updatePeriod>
	hourly	</sy:updatePeriod>
	<sy:updateFrequency>
	1	</sy:updateFrequency>
	<generator>https://wordpress.org/?v=5.7.1</generator>
</channel>
</rss>
